id,name,description,created_at,code,image
32,Penolakan Tidur Tanpa Kehadiran Orang Terdekat,Menolak untuk tidur di luar rumah atau tidur tanpa ada orang terdekat.,2025-05-18 00:30:49.772044+00,G32,https://svdtfvimkaoznwiitkep.supabase.co/storage/v1/object/sign/symptoms-images/symptom-1747616583286-7iyqa.jpg?token=eyJhbGciOiJIUzI1NiIsInR5cCI6IkpXVCIsImtpZCI6InN0b3JhZ2UtdXJsLXNpZ25pbmcta2V5XzM5YmU5YWY4LTY1NWMtNGYzZS1hZGFiLTBhYjU3Y2EwN2I2NCJ9.eyJ1cmwiOiJzeW1wdG9tcy1pbWFnZXMvc3ltcHRvbS0xNzQ3NjE2NTgzMjg2LTdpeXFhLmpwZyIsImlhdCI6MTc0NzYxNjU4NCwiZXhwIjoxNzc5MTUyNTg0fQ.LgMJdXKduQ5gqecEZuzLujjFeAWRDTPCfyHebcXUhMI
4,Obsesi Kebersihan Kompulsif,Sering mencuci tangan berkali-kali atau sangat menjaga kebersihan.,2025-05-17 23:59:42.813641+00,G04,https://svdtfvimkaoznwiitkep.supabase.co/storage/v1/object/sign/symptoms-images/symptom-1747692826468-k0qo9.jpg?token=eyJhbGciOiJIUzI1NiIsInR5cCI6IkpXVCIsImtpZCI6InN0b3JhZ2UtdXJsLXNpZ25pbmcta2V5XzM5YmU5YWY4LTY1NWMtNGYzZS1hZGFiLTBhYjU3Y2EwN2I2NCJ9.eyJ1cmwiOiJzeW1wdG9tcy1pbWFnZXMvc3ltcHRvbS0xNzQ3NjkyODI2NDY4LWswcW85LmpwZyIsImlhdCI6MTc0NzY5MjgyOSwiZXhwIjoxNzc5MjI4ODI5fQ.lEuSZBtyWgYC82mcaE3B53sEg1hzvS5St47Ydcy0hWU
34,Keluhan Gejala Fisik Saat Berpisah Dengan Orang Terdekat,Mengeluh berulang kali tentang gejala fisik ketika akan atau sedang berpisah dengan orang terdekat.,2025-05-18 00:32:16.472649+00,G34,https://svdtfvimkaoznwiitkep.supabase.co/storage/v1/object/sign/symptoms-images/symptom-1747616460867-x17l0v.jpg?token=eyJhbGciOiJIUzI1NiIsInR5cCI6IkpXVCIsImtpZCI6InN0b3JhZ2UtdXJsLXNpZ25pbmcta2V5XzM5YmU5YWY4LTY1NWMtNGYzZS1hZGFiLTBhYjU3Y2EwN2I2NCJ9.eyJ1cmwiOiJzeW1wdG9tcy1pbWFnZXMvc3ltcHRvbS0xNzQ3NjE2NDYwODY3LXgxN2wwdi5qcGciLCJpYXQiOjE3NDc2MTY0NjIsImV4cCI6MTc3OTE1MjQ2Mn0.9rTdiB0Lxn1GwmABtLkKxY5v-DxtsR6VdzywWuiQ8Dg
5,Kompulsi Pengecekan Berlebihan,Sering melakukan pengecekan terhadap sesuatu secara berlebihan.,2025-05-18 00:00:20.293579+00,G05,https://svdtfvimkaoznwiitkep.supabase.co/storage/v1/object/sign/symptoms-images/symptom-1747615217547-bl4mh.jpg?token=eyJhbGciOiJIUzI1NiIsInR5cCI6IkpXVCIsImtpZCI6InN0b3JhZ2UtdXJsLXNpZ25pbmcta2V5XzM5YmU5YWY4LTY1NWMtNGYzZS1hZGFiLTBhYjU3Y2EwN2I2NCJ9.eyJ1cmwiOiJzeW1wdG9tcy1pbWFnZXMvc3ltcHRvbS0xNzQ3NjE1MjE3NTQ3LWJsNG1oLmpwZyIsImlhdCI6MTc0NzYxNTIyMCwiZXhwIjoxNzc5MTUxMjIwfQ.F6lgGCNUiBME9sEgddYE2zCe6icYyG_KsZy782RLyGE
30,Penolakan Meninggalkan Rumah Akibat Ketakutan Berpisah,"Penolakan untuk keluar jauh dari rumah, untuk sekolah, bekerja, atau ke tempat lain karena takut berpisah.",2025-05-18 00:29:36.907501+00,G30,https://svdtfvimkaoznwiitkep.supabase.co/storage/v1/object/sign/symptoms-images/symptom-1747616655460-lvolx.jpg?token=eyJhbGciOiJIUzI1NiIsInR5cCI6IkpXVCIsImtpZCI6InN0b3JhZ2UtdXJsLXNpZ25pbmcta2V5XzM5YmU5YWY4LTY1NWMtNGYzZS1hZGFiLTBhYjU3Y2EwN2I2NCJ9.eyJ1cmwiOiJzeW1wdG9tcy1pbWFnZXMvc3ltcHRvbS0xNzQ3NjE2NjU1NDYwLWx2b2x4LmpwZyIsImlhdCI6MTc0NzYxNjY1NiwiZXhwIjoxNzc5MTUyNjU2fQ.2p4e_BkdtDrwCNiXIxmXFwIPGvV-SNqyTioG6HVw0hs
29,Kegelisahan Akan Pengalaman Buruk Penyebab Perpisahan,Kekhawatiran yang berlebihan mengenai pengalaman buruk yang menyebabkan perpisahan dengan seseorang.,2025-05-18 00:28:12.05412+00,G29,https://svdtfvimkaoznwiitkep.supabase.co/storage/v1/object/sign/symptoms-images/symptom-1747616794304-jufexe.jpg?token=eyJhbGciOiJIUzI1NiIsInR5cCI6IkpXVCIsImtpZCI6InN0b3JhZ2UtdXJsLXNpZ25pbmcta2V5XzM5YmU5YWY4LTY1NWMtNGYzZS1hZGFiLTBhYjU3Y2EwN2I2NCJ9.eyJ1cmwiOiJzeW1wdG9tcy1pbWFnZXMvc3ltcHRvbS0xNzQ3NjE2Nzk0MzA0LWp1ZmV4ZS5qcGciLCJpYXQiOjE3NDc2MTY3OTUsImV4cCI6MTc3OTE1Mjc5NX0.2u9KvO14vcUdtZI_KBcrPZzh3M3HnEqT9jMJ06eQPBc
26,Hambatan Komunikasi Sosial di Balik Ketidakmampuan Berbicara,Kegagalan untuk berbicara tersebut bukan disebabkan oleh kurangnya pengetahuan terhadap bahasa yang digunakan dalam situasi sosial.,2025-05-18 00:24:53.334562+00,G26,https://svdtfvimkaoznwiitkep.supabase.co/storage/v1/object/sign/symptoms-images/symptom-1747616914278-m0pihu.jpg?token=eyJhbGciOiJIUzI1NiIsInR5cCI6IkpXVCIsImtpZCI6InN0b3JhZ2UtdXJsLXNpZ25pbmcta2V5XzM5YmU5YWY4LTY1NWMtNGYzZS1hZGFiLTBhYjU3Y2EwN2I2NCJ9.eyJ1cmwiOiJzeW1wdG9tcy1pbWFnZXMvc3ltcHRvbS0xNzQ3NjE2OTE0Mjc4LW0wcGlodS5qcGciLCJpYXQiOjE3NDc2MTY5MTUsImV4cCI6MTc3OTE1MjkxNX0.z9Rsyo3tJwfU3a9KiyWDmLCgyRZdPGvHdfqjitHvdpg
11,Kecemasan yang Diekspresikan melalui Tangisan,Mengekspresikan kecemasan dengan sering menangis.,2025-05-18 00:07:08.443195+00,G11,https://svdtfvimkaoznwiitkep.supabase.co/storage/v1/object/sign/symptoms-images/symptom-1747616965905-xugosf.jpg?token=eyJhbGciOiJIUzI1NiIsInR5cCI6IkpXVCIsImtpZCI6InN0b3JhZ2UtdXJsLXNpZ25pbmcta2V5XzM5YmU5YWY4LTY1NWMtNGYzZS1hZGFiLTBhYjU3Y2EwN2I2NCJ9.eyJ1cmwiOiJzeW1wdG9tcy1pbWFnZXMvc3ltcHRvbS0xNzQ3NjE2OTY1OTA1LXh1Z29zZi5qcGciLCJpYXQiOjE3NDc2MTY5NjYsImV4cCI6MTc3OTE1Mjk2Nn0.QdkSSqDyKIR4VUiLsfG1Uu98HOrB7Cp7aOrdaUicqUQ
22,Ketakutan Berada di Keramaian dan Tempat Umum,"Merasa takut berada di keramaian, seperti di tempat umum.",2025-05-18 00:20:03.257434+00,G22,https://svdtfvimkaoznwiitkep.supabase.co/storage/v1/object/sign/symptoms-images/symptom-1747617065590-mfooc6.jpg?token=eyJhbGciOiJIUzI1NiIsInR5cCI6IkpXVCIsImtpZCI6InN0b3JhZ2UtdXJsLXNpZ25pbmcta2V5XzM5YmU5YWY4LTY1NWMtNGYzZS1hZGFiLTBhYjU3Y2EwN2I2NCJ9.eyJ1cmwiOiJzeW1wdG9tcy1pbWFnZXMvc3ltcHRvbS0xNzQ3NjE3MDY1NTkwLW1mb29jNi5qcGciLCJpYXQiOjE3NDc2MTcwNjYsImV4cCI6MTc3OTE1MzA2Nn0.itWsW41bH2fzMeVuS6eqquZmM7p9ktUiyZIV7YiRYZ8
20,Ketakutan Bepergian Sendiri,Merasa takut bepergian sendiri.,2025-05-18 00:19:04.698935+00,G20,https://svdtfvimkaoznwiitkep.supabase.co/storage/v1/object/sign/symptoms-images/symptom-1747617410336-l9hqg9.jpg?token=eyJhbGciOiJIUzI1NiIsInR5cCI6IkpXVCIsImtpZCI6InN0b3JhZ2UtdXJsLXNpZ25pbmcta2V5XzM5YmU5YWY4LTY1NWMtNGYzZS1hZGFiLTBhYjU3Y2EwN2I2NCJ9.eyJ1cmwiOiJzeW1wdG9tcy1pbWFnZXMvc3ltcHRvbS0xNzQ3NjE3NDEwMzM2LWw5aHFnOS5qcGciLCJpYXQiOjE3NDc2MTc0MTEsImV4cCI6MTc3OTE1MzQxMX0.aK4QLIIcLbwe6qoypu9nMNxA2-Ow48ebxhQxUI7gVhs
18,Kecemasan Menghadapi Serangan Panik Berulang,"Setelah serangan panik, merasa khawatir akan mengalami serangan panik kembali.",2025-05-18 00:16:44.231408+00,G18,https://svdtfvimkaoznwiitkep.supabase.co/storage/v1/object/sign/symptoms-images/symptom-1747617486589-8zjin6.jpg?token=eyJhbGciOiJIUzI1NiIsInR5cCI6IkpXVCIsImtpZCI6InN0b3JhZ2UtdXJsLXNpZ25pbmcta2V5XzM5YmU5YWY4LTY1NWMtNGYzZS1hZGFiLTBhYjU3Y2EwN2I2NCJ9.eyJ1cmwiOiJzeW1wdG9tcy1pbWFnZXMvc3ltcHRvbS0xNzQ3NjE3NDg2NTg5LTh6amluNi5qcGciLCJpYXQiOjE3NDc2MTc0ODcsImV4cCI6MTc3OTE1MzQ4N30.k-gZUn6o_nM5BiXazq2lh8qZYcIii8MeAL2A0SZ1ZKQ
16,Memahami Gejala Serangan Panik,"Mengalami gejala serangan panik seperti detak jantung yang cepat, berkeringat, sesak nafas, nyeri dada, atau rasa takut mati.",2025-05-18 00:15:03.143147+00,G16,https://svdtfvimkaoznwiitkep.supabase.co/storage/v1/object/sign/symptoms-images/symptom-1747617644515-z6hszr.jpg?token=eyJhbGciOiJIUzI1NiIsInR5cCI6IkpXVCIsImtpZCI6InN0b3JhZ2UtdXJsLXNpZ25pbmcta2V5XzM5YmU5YWY4LTY1NWMtNGYzZS1hZGFiLTBhYjU3Y2EwN2I2NCJ9.eyJ1cmwiOiJzeW1wdG9tcy1pbWFnZXMvc3ltcHRvbS0xNzQ3NjE3NjQ0NTE1LXo2aHN6ci5qcGciLCJpYXQiOjE3NDc2MTc2NDUsImV4cCI6MTc3OTE1MzY0NX0.R5GYO4yLMfP6Dvto5DTUGnQfIhgQD0AJLpPUd_LfqOg
6,Kecemasan Umum Kronik,Mengalami kecemasan berlebihan hampir setiap hari selama setidaknya 6 bulan terakhir.,2025-05-18 00:01:56.404007+00,G06,https://svdtfvimkaoznwiitkep.supabase.co/storage/v1/object/sign/symptoms-images/symptom-1747615583532-ncf5y.jpg?token=eyJhbGciOiJIUzI1NiIsInR5cCI6IkpXVCIsImtpZCI6InN0b3JhZ2UtdXJsLXNpZ25pbmcta2V5XzM5YmU5YWY4LTY1NWMtNGYzZS1hZGFiLTBhYjU3Y2EwN2I2NCJ9.eyJ1cmwiOiJzeW1wdG9tcy1pbWFnZXMvc3ltcHRvbS0xNzQ3NjE1NTgzNTMyLW5jZjV5LmpwZyIsImlhdCI6MTc0NzYxNTU4NiwiZXhwIjoxNzc5MTUxNTg2fQ.IFqy11-efwxqNz7D2vK9IZe_egxpvrvD4__tHQumlis
7,Kesulitan Mengendalikan Kecemasan,Merasa kesulitan untuk mengendalikan perasaan cemas yang dirasakan.,2025-05-18 00:02:27.621569+00,G07,https://svdtfvimkaoznwiitkep.supabase.co/storage/v1/object/sign/symptoms-images/symptom-1747616468481-qo3zlj.jpg?token=eyJhbGciOiJIUzI1NiIsInR5cCI6IkpXVCIsImtpZCI6InN0b3JhZ2UtdXJsLXNpZ25pbmcta2V5XzM5YmU5YWY4LTY1NWMtNGYzZS1hZGFiLTBhYjU3Y2EwN2I2NCJ9.eyJ1cmwiOiJzeW1wdG9tcy1pbWFnZXMvc3ltcHRvbS0xNzQ3NjE2NDY4NDgxLXFvM3psai5qcGciLCJpYXQiOjE3NDc2MTY0NjksImV4cCI6MTc3OTE1MjQ2OX0.nrmPuLngr179agzYUcIayh3wK1ehPyu4YDqMLNXcEvY
33,Mimpi Buruk Berulang Tentang Perpisahan,Mimpi buruk yang berulang kali tentang perpisahan.,2025-05-18 00:31:21.188462+00,G33,https://svdtfvimkaoznwiitkep.supabase.co/storage/v1/object/sign/symptoms-images/symptom-1747616499662-2dv9a9.jpg?token=eyJhbGciOiJIUzI1NiIsInR5cCI6IkpXVCIsImtpZCI6InN0b3JhZ2UtdXJsLXNpZ25pbmcta2V5XzM5YmU5YWY4LTY1NWMtNGYzZS1hZGFiLTBhYjU3Y2EwN2I2NCJ9.eyJ1cmwiOiJzeW1wdG9tcy1pbWFnZXMvc3ltcHRvbS0xNzQ3NjE2NDk5NjYyLTJkdjlhOS5qcGciLCJpYXQiOjE3NDc2MTY1MDEsImV4cCI6MTc3OTE1MjUwMX0.Smvc9FWgoDboRuSeAa0kib03uFOdG5m7ZFakzfZN2rE
8,Kecemasan Berlebihan dengan Gejala Fisik,"Kecemasan berlebihan diiringi dengan gejala-gejala seperti gemetaran, nyeri kepala, sesak nafas, keringat berlebihan, dan jantung yang berdetak lebih cepat.",2025-05-18 00:03:20.527007+00,G08,https://svdtfvimkaoznwiitkep.supabase.co/storage/v1/object/sign/symptoms-images/symptom-1747616539844-s11ilu.jpg?token=eyJhbGciOiJIUzI1NiIsInR5cCI6IkpXVCIsImtpZCI6InN0b3JhZ2UtdXJsLXNpZ25pbmcta2V5XzM5YmU5YWY4LTY1NWMtNGYzZS1hZGFiLTBhYjU3Y2EwN2I2NCJ9.eyJ1cmwiOiJzeW1wdG9tcy1pbWFnZXMvc3ltcHRvbS0xNzQ3NjE2NTM5ODQ0LXMxMWlsdS5qcGciLCJpYXQiOjE3NDc2MTY1NDEsImV4cCI6MTc3OTE1MjU0MX0.jdKwKURUypvi-b9BFFHBtsV2IYPvnDcm0mSQT42j9OE
31,Ketakutan Berlebih Saat Sendiri Tanpa Sosok Terdekat,Rasa takut yang berlebihan saat sendirian atau tidak ditemani sosok yang memiliki ikatan di rumah atau di tempat lain.,2025-05-18 00:30:03.54708+00,G31,https://svdtfvimkaoznwiitkep.supabase.co/storage/v1/object/sign/symptoms-images/symptom-1747616619017-hebrgd.jpg?token=eyJhbGciOiJIUzI1NiIsInR5cCI6IkpXVCIsImtpZCI6InN0b3JhZ2UtdXJsLXNpZ25pbmcta2V5XzM5YmU5YWY4LTY1NWMtNGYzZS1hZGFiLTBhYjU3Y2EwN2I2NCJ9.eyJ1cmwiOiJzeW1wdG9tcy1pbWFnZXMvc3ltcHRvbS0xNzQ3NjE2NjE5MDE3LWhlYnJnZC5qcGciLCJpYXQiOjE3NDc2MTY2MjAsImV4cCI6MTc3OTE1MjYyMH0.jKl4VWR2oaYudvNA464hHmdKnrA1FXcEw1oQkvzDZD8
9,Kecemasan Mengganggu Aktivitas Sosial dan Pekerjaan,"Kecemasan, kekhawatiran, atau gejala fisik yang dialami sudah sangat mengganggu aktivitas sosial, pekerjaan, dan kehidupan lainnya.",2025-05-18 00:03:45.519426+00,G09,https://svdtfvimkaoznwiitkep.supabase.co/storage/v1/object/sign/symptoms-images/symptom-1747616624833-cr4g6b.jpg?token=eyJhbGciOiJIUzI1NiIsInR5cCI6IkpXVCIsImtpZCI6InN0b3JhZ2UtdXJsLXNpZ25pbmcta2V5XzM5YmU5YWY4LTY1NWMtNGYzZS1hZGFiLTBhYjU3Y2EwN2I2NCJ9.eyJ1cmwiOiJzeW1wdG9tcy1pbWFnZXMvc3ltcHRvbS0xNzQ3NjE2NjI0ODMzLWNyNGc2Yi5qcGciLCJpYXQiOjE3NDc2MTY2MjUsImV4cCI6MTc3OTE1MjYyNX0.uRGzlfwamj2_s1qeZistGu1Eh4c8hRZ50Xw9egpB8k4
10,Fobia Spesifik terhadap Objek atau Situasi,"Kecemasan yang timbul akibat rasa takut terhadap objek tertentu atau situasi tertentu, sehingga merasa harus menghindarinya.",2025-05-18 00:05:43.827849+00,G10,https://svdtfvimkaoznwiitkep.supabase.co/storage/v1/object/sign/symptoms-images/symptom-1747616752081-wdhxu3.jpg?token=eyJhbGciOiJIUzI1NiIsInR5cCI6IkpXVCIsImtpZCI6InN0b3JhZ2UtdXJsLXNpZ25pbmcta2V5XzM5YmU5YWY4LTY1NWMtNGYzZS1hZGFiLTBhYjU3Y2EwN2I2NCJ9.eyJ1cmwiOiJzeW1wdG9tcy1pbWFnZXMvc3ltcHRvbS0xNzQ3NjE2NzUyMDgxLXdkaHh1My5qcGciLCJpYXQiOjE3NDc2MTY3NTUsImV4cCI6MTc3OTE1Mjc1NX0.t5AKxah-SeuEHkpeMD8HDeq8v7bvv9gFXvoNC0cgdHg
28,Kecemasan Berlebih Akan Kehilangan Sosok Terdekat,Kekhawatiran yang berlebihan tentang kehilangan sosok yang memiliki ikatan atau kemungkinan terjadi sesuatu yang buruk pada mereka.,2025-05-18 00:27:20.136072+00,G28,https://svdtfvimkaoznwiitkep.supabase.co/storage/v1/object/sign/symptoms-images/symptom-1747616827359-kzy0vp.jpg?token=eyJhbGciOiJIUzI1NiIsInR5cCI6IkpXVCIsImtpZCI6InN0b3JhZ2UtdXJsLXNpZ25pbmcta2V5XzM5YmU5YWY4LTY1NWMtNGYzZS1hZGFiLTBhYjU3Y2EwN2I2NCJ9.eyJ1cmwiOiJzeW1wdG9tcy1pbWFnZXMvc3ltcHRvbS0xNzQ3NjE2ODI3MzU5LWt6eTB2cC5qcGciLCJpYXQiOjE3NDc2MTY4MjgsImV4cCI6MTc3OTE1MjgyOH0.Gr2Yd7rcJHYdORkf570tfWY61KI3CqyszMqgzpOhXYE
27,Kecemasan Perpisahan dalam Menghadapi Sosok Terdekat,Merasakan tekanan berlebihan yang muncul berulang kali saat akan atau sedang menghadapi perpisahan dari rumah atau sosok yang dianggap dekat.,2025-05-18 00:26:43.623731+00,G27,https://svdtfvimkaoznwiitkep.supabase.co/storage/v1/object/sign/symptoms-images/symptom-1747616875541-aiafmj.jpg?token=eyJhbGciOiJIUzI1NiIsInR5cCI6IkpXVCIsImtpZCI6InN0b3JhZ2UtdXJsLXNpZ25pbmcta2V5XzM5YmU5YWY4LTY1NWMtNGYzZS1hZGFiLTBhYjU3Y2EwN2I2NCJ9.eyJ1cmwiOiJzeW1wdG9tcy1pbWFnZXMvc3ltcHRvbS0xNzQ3NjE2ODc1NTQxLWFpYWZtai5qcGciLCJpYXQiOjE3NDc2MTY4NzYsImV4cCI6MTc3OTE1Mjg3Nn0.y_XfVqyREDDu8Z9lzeLynplOl-N9koZz3I2xubn4Jns
25,Gangguan Pencapaian Akademik dan Sosial Berkelanjutan,"Merasa ada gangguan dalam pencapaian akademik, okupasional, atau komunikasi sosial, setidaknya sudah berlangsung selama 1 bulan.",2025-05-18 00:22:54.793436+00,G25,https://svdtfvimkaoznwiitkep.supabase.co/storage/v1/object/sign/symptoms-images/symptom-1747616949543-shbfx7.jpg?token=eyJhbGciOiJIUzI1NiIsInR5cCI6IkpXVCIsImtpZCI6InN0b3JhZ2UtdXJsLXNpZ25pbmcta2V5XzM5YmU5YWY4LTY1NWMtNGYzZS1hZGFiLTBhYjU3Y2EwN2I2NCJ9.eyJ1cmwiOiJzeW1wdG9tcy1pbWFnZXMvc3ltcHRvbS0xNzQ3NjE2OTQ5NTQzLXNoYmZ4Ny5qcGciLCJpYXQiOjE3NDc2MTY5NTAsImV4cCI6MTc3OTE1Mjk1MH0.pK3hOz5CQO5vU1uHMFmTTEqIyNF2xX-cJIghQw2gTbY
24,Kesulitan Berbicara dalam Situasi Sosial Tertentu,"Kegagalan yang konsisten dalam berbicara di situasi sosial yang spesifik, di mana terdapat ekspektasi untuk berbicara (contoh: di sekolah), meskipun biasanya bisa berbicara di situasi lain.",2025-05-18 00:21:41.040677+00,G24,https://svdtfvimkaoznwiitkep.supabase.co/storage/v1/object/sign/symptoms-images/symptom-1747616988105-o5kfge.jpg?token=eyJhbGciOiJIUzI1NiIsInR5cCI6IkpXVCIsImtpZCI6InN0b3JhZ2UtdXJsLXNpZ25pbmcta2V5XzM5YmU5YWY4LTY1NWMtNGYzZS1hZGFiLTBhYjU3Y2EwN2I2NCJ9.eyJ1cmwiOiJzeW1wdG9tcy1pbWFnZXMvc3ltcHRvbS0xNzQ3NjE2OTg4MTA1LW81a2ZnZS5qcGciLCJpYXQiOjE3NDc2MTY5ODksImV4cCI6MTc3OTE1Mjk4OX0.gCrc_5sBSoRJzkOWI9c6FQzoub92MGkoITdXfEp6JI8
23,Preferensi Bepergian Dengan Teman ke Tempat Ramai,Lebih menyukai bepergian bersama teman atau saudara ke tempat yang ramai.,2025-05-18 00:20:56.427268+00,G23,https://svdtfvimkaoznwiitkep.supabase.co/storage/v1/object/sign/symptoms-images/symptom-1747617030058-jbj3t9.jpg?token=eyJhbGciOiJIUzI1NiIsInR5cCI6IkpXVCIsImtpZCI6InN0b3JhZ2UtdXJsLXNpZ25pbmcta2V5XzM5YmU5YWY4LTY1NWMtNGYzZS1hZGFiLTBhYjU3Y2EwN2I2NCJ9.eyJ1cmwiOiJzeW1wdG9tcy1pbWFnZXMvc3ltcHRvbS0xNzQ3NjE3MDMwMDU4LWpiajN0OS5qcGciLCJpYXQiOjE3NDc2MTcwMzMsImV4cCI6MTc3OTE1MzAzM30.i21Hjw4eQ-JuJC7v22xorddtfSuM7fGfcH5nitOtF-w
12,Kecemasan Tanpa Alasan Jelas,Rasa takut yang dialami tidak memiliki alasan yang jelas.,2025-05-18 00:07:32.52183+00,G12,https://svdtfvimkaoznwiitkep.supabase.co/storage/v1/object/sign/symptoms-images/symptom-1747617205091-7l2a9o.jpg?token=eyJhbGciOiJIUzI1NiIsInR5cCI6IkpXVCIsImtpZCI6InN0b3JhZ2UtdXJsLXNpZ25pbmcta2V5XzM5YmU5YWY4LTY1NWMtNGYzZS1hZGFiLTBhYjU3Y2EwN2I2NCJ9.eyJ1cmwiOiJzeW1wdG9tcy1pbWFnZXMvc3ltcHRvbS0xNzQ3NjE3MjA1MDkxLTdsMmE5by5qcGciLCJpYXQiOjE3NDc2MTcyMDYsImV4cCI6MTc3OTE1MzIwNn0.B6VLFRF5NbMZkIObehAzUnwcYTj6OW9IvgEfPCM7peU
13,Penghindaran Kecemasan yang Mengganggu Kehidupan,"Penghindaran atau antisipasi kecemasan yang dialami sudah sangat mengganggu aktivitas sosial, pekerjaan, dan kehidupan lainnya.",2025-05-18 00:08:02.991292+00,G13,https://svdtfvimkaoznwiitkep.supabase.co/storage/v1/object/sign/symptoms-images/symptom-1747617334126-j2dhtn.jpg?token=eyJhbGciOiJIUzI1NiIsInR5cCI6IkpXVCIsImtpZCI6InN0b3JhZ2UtdXJsLXNpZ25pbmcta2V5XzM5YmU5YWY4LTY1NWMtNGYzZS1hZGFiLTBhYjU3Y2EwN2I2NCJ9.eyJ1cmwiOiJzeW1wdG9tcy1pbWFnZXMvc3ltcHRvbS0xNzQ3NjE3MzM0MTI2LWoyZGh0bi5qcGciLCJpYXQiOjE3NDc2MTczMzUsImV4cCI6MTc3OTE1MzMzNX0.ONP3s6t5o2BPUZ-u0FtcINu2buRZu-T45pPWDmY9T1k
21,Kebutuhan Pendampingan Saat Meninggalkan Rumah,Selalu meminta untuk ditemani setiap kali akan meninggalkan rumah.,2025-05-18 00:19:31.613573+00,G21,https://svdtfvimkaoznwiitkep.supabase.co/storage/v1/object/sign/symptoms-images/symptom-1747617330754-5luvl5.jpg?token=eyJhbGciOiJIUzI1NiIsInR5cCI6IkpXVCIsImtpZCI6InN0b3JhZ2UtdXJsLXNpZ25pbmcta2V5XzM5YmU5YWY4LTY1NWMtNGYzZS1hZGFiLTBhYjU3Y2EwN2I2NCJ9.eyJ1cmwiOiJzeW1wdG9tcy1pbWFnZXMvc3ltcHRvbS0xNzQ3NjE3MzMwNzU0LTVsdXZsNS5qcGciLCJpYXQiOjE3NDc2MTczMzUsImV4cCI6MTc3OTE1MzMzNX0.qkczP1Eik-uePEmVMjJoJjNJFkliRoR1ROox4YRx480
19,Kecemasan Situasional Saat Mengalami Serangan Panik,Merasa cemas bila ditempatkan di suatu tempat atau situasi yang sulit dihindari atau sulit mendapatkan bantuan ketika serangan panik terjadi.,2025-05-18 00:18:28.647085+00,G19,https://svdtfvimkaoznwiitkep.supabase.co/storage/v1/object/sign/symptoms-images/symptom-1747617449609-0asqr6.jpg?token=eyJhbGciOiJIUzI1NiIsInR5cCI6IkpXVCIsImtpZCI6InN0b3JhZ2UtdXJsLXNpZ25pbmcta2V5XzM5YmU5YWY4LTY1NWMtNGYzZS1hZGFiLTBhYjU3Y2EwN2I2NCJ9.eyJ1cmwiOiJzeW1wdG9tcy1pbWFnZXMvc3ltcHRvbS0xNzQ3NjE3NDQ5NjA5LTBhc3FyNi5qcGciLCJpYXQiOjE3NDc2MTc0NTAsImV4cCI6MTc3OTE1MzQ1MH0.VcZY4YOmX2Hw3qtWG4_pUoIDAI0x0WEfr73ZzmXeg8M
14,Kecemasan Sosial dalam Situasi Diperhatikan atau Berinteraksi,Merasa ketakutan ketika berada dalam situasi di mana seseorang memperhatikan Anda secara terus-menerus atau berhubungan dengan orang yang tidak dikenal.,2025-05-18 00:08:36.155754+00,G14,https://svdtfvimkaoznwiitkep.supabase.co/storage/v1/object/sign/symptoms-images/symptom-1747617473846-06oe2.jpg?token=eyJhbGciOiJIUzI1NiIsInR5cCI6IkpXVCIsImtpZCI6InN0b3JhZ2UtdXJsLXNpZ25pbmcta2V5XzM5YmU5YWY4LTY1NWMtNGYzZS1hZGFiLTBhYjU3Y2EwN2I2NCJ9.eyJ1cmwiOiJzeW1wdG9tcy1pbWFnZXMvc3ltcHRvbS0xNzQ3NjE3NDczODQ2LTA2b2UyLmpwZyIsImlhdCI6MTc0NzYxNzQ3NCwiZXhwIjoxNzc5MTUzNDc0fQ.j0ApavmpHafo_SsxxYuu-3eU33HXmAvCQQZgqz6fS0c
15,Kecemasan Sosial terhadap Penampilan atau Situasi Memalukan,Merasa ketakutan terhadap penampilan atau situasi yang memalukan atau dipermalukan di kehidupan sosial.,2025-05-18 00:09:01.824298+00,G15,https://svdtfvimkaoznwiitkep.supabase.co/storage/v1/object/sign/symptoms-images/symptom-1747617558753-79l7ha.jpg?token=eyJhbGciOiJIUzI1NiIsInR5cCI6IkpXVCIsImtpZCI6InN0b3JhZ2UtdXJsLXNpZ25pbmcta2V5XzM5YmU5YWY4LTY1NWMtNGYzZS1hZGFiLTBhYjU3Y2EwN2I2NCJ9.eyJ1cmwiOiJzeW1wdG9tcy1pbWFnZXMvc3ltcHRvbS0xNzQ3NjE3NTU4NzUzLTc5bDdoYS5qcGciLCJpYXQiOjE3NDc2MTc1NTksImV4cCI6MTc3OTE1MzU1OX0.FGe5bZ86JWEiipD1RmB2fog-NHEqztc0hPNMiBQCdi4
17,Menghadapi Serangan Panik Berulang dan Tidak Terduga,Serangan panik yang dialami berlangsung secara berulang dan datang secara tidak terduga.,2025-05-18 00:15:40.943536+00,G17,https://svdtfvimkaoznwiitkep.supabase.co/storage/v1/object/sign/symptoms-images/symptom-1747617656733-4hhi2p.jpg?token=eyJhbGciOiJIUzI1NiIsInR5cCI6IkpXVCIsImtpZCI6InN0b3JhZ2UtdXJsLXNpZ25pbmcta2V5XzM5YmU5YWY4LTY1NWMtNGYzZS1hZGFiLTBhYjU3Y2EwN2I2NCJ9.eyJ1cmwiOiJzeW1wdG9tcy1pbWFnZXMvc3ltcHRvbS0xNzQ3NjE3NjU2NzMzLTRoaGkycC5qcGciLCJpYXQiOjE3NDc2MTc2NjEsImV4cCI6MTc3OTE1MzY2MX0.iuS8usGIxbIQ9QecnNaVN8TbQUggQ526iY9CCakdSSs
1,Ketakutan dan Kekhawatiran Berlebihan,"Adanya rasa ketakutan, kecemasan, atau kekhawatiran yang berlebihan (tidak wajar), serta kecenderungan untuk menghindari sesuatu atau mengalami peningkatan ketegangan.",2025-05-17 23:30:11.61461+00,G01,https://svdtfvimkaoznwiitkep.supabase.co/storage/v1/object/sign/symptoms-images/symptom-1747692729117-swkmo6.jpg?token=eyJhbGciOiJIUzI1NiIsInR5cCI6IkpXVCIsImtpZCI6InN0b3JhZ2UtdXJsLXNpZ25pbmcta2V5XzM5YmU5YWY4LTY1NWMtNGYzZS1hZGFiLTBhYjU3Y2EwN2I2NCJ9.eyJ1cmwiOiJzeW1wdG9tcy1pbWFnZXMvc3ltcHRvbS0xNzQ3NjkyNzI5MTE3LXN3a21vNi5qcGciLCJpYXQiOjE3NDc2OTI3MzEsImV4cCI6MTc3OTIyODczMX0.AokHNuRjaa5vKbZwHQtUJCr_HwYChbXetQnMG0NqIWM
3,Kecemasan Obsesif Pikiran Cemas Persisten,"Pikiran yang terus-menerus membuat merasa cemas, seperti merasa bertanggung jawab terhadap hal-hal buruk yang sudah atau mungkin terjadi, dan tidak dapat mengabaikannya meskipun sudah berusaha keras.",2025-05-17 23:59:07.14878+00,G03,https://svdtfvimkaoznwiitkep.supabase.co/storage/v1/object/sign/symptoms-images/symptom-1747692760028-sz3gwk.jpg?token=eyJhbGciOiJIUzI1NiIsInR5cCI6IkpXVCIsImtpZCI6InN0b3JhZ2UtdXJsLXNpZ25pbmcta2V5XzM5YmU5YWY4LTY1NWMtNGYzZS1hZGFiLTBhYjU3Y2EwN2I2NCJ9.eyJ1cmwiOiJzeW1wdG9tcy1pbWFnZXMvc3ltcHRvbS0xNzQ3NjkyNzYwMDI4LXN6M2d3ay5qcGciLCJpYXQiOjE3NDc2OTI3NjIsImV4cCI6MTc3OTIyODc2Mn0.ud3LuKVoXa1RNu19wZUjM6nEmgFH1oDLZsH45cnPjhc
2,Kecemasan Kronis dan Dorongan Kompulsif,"Kecemasan dan ketakutan yang datang secara terus-menerus, dengan dorongan untuk melakukan sesuatu yang memberikan rasa kelegaan sementara.",2025-05-17 23:58:06.450885+00,G02,https://svdtfvimkaoznwiitkep.supabase.co/storage/v1/object/sign/symptoms-images/symptom-1747692862556-oko53.jpg?token=eyJhbGciOiJIUzI1NiIsInR5cCI6IkpXVCIsImtpZCI6InN0b3JhZ2UtdXJsLXNpZ25pbmcta2V5XzM5YmU5YWY4LTY1NWMtNGYzZS1hZGFiLTBhYjU3Y2EwN2I2NCJ9.eyJ1cmwiOiJzeW1wdG9tcy1pbWFnZXMvc3ltcHRvbS0xNzQ3NjkyODYyNTU2LW9rbzUzLmpwZyIsImlhdCI6MTc0NzY5Mjg2NCwiZXhwIjoxNzc5MjI4ODY0fQ.91INo8fq5DmjPUO9KcjUP8cHCZ8PpGGzG2QHnvInK7Q